id,x,y,scores
0,0.4881,0.8608,15.08924
1,1.0276,0.1795,4.51250
2,-0.7635,0.5836,37.33797
3,-0.6241,1.5671,46.44897
4,4.6366,-0.4662,32.94174
5,2.9173,0.1156,2.95469
6,0.6804,1.7024,18.84858
7,-4.2896,-1.6515,119.41673
8,-4.7978,1.3305,222.78880
9,2.7816,1.4800,0.00690
10,4.7862,1.1966,19.14704
11,-0.3852,1.1221,34.72190
12,-3.8173,0.5597,148.69841
13,-3.5665,1.7787,166.70967
14,0.2185,-0.3414,10.37923
15,-2.3544,1.0969,96.15416
16,-0.4385,0.2737,26.53001
17,-4.8121,0.4705,198.66186
18,1.1210,0.4677,4.95428
19,4.4375,0.7273,17.20325
20,-1.4049,-0.2519,43.00697
21,1.9763,-1.7591,2.92999
22,1.6677,0.6826,1.81499
23,-2.8962,-1.4843,69.02376
24,-1.8457,-0.5452,51.06926
25,0.7020,-0.2456,5.52471
26,4.8837,-1.5918,54.15926
27,-2.9112,-1.3548,71.70199
28,1.5311,-0.9868,0.00240
29,-0.3369,-1.0223,13.33336
30,-3.4103,-1.5585,85.78666
31,1.5633,-1.4473,0.32932
32,-3.0342,-0.5251,91.07369
33,3.2099,-1.6116,16.25267
34,3.3794,-1.6156,19.13629
35,4.7646,-0.1254,31.97433
36,4.7676,0.4194,26.17182
37,2.3926,-1.8432,6.90912
38,-2.1719,-1.5192,46.57581
39,-2.0386,-1.5251,42.93011
40,-1.8202,-0.3429,53.25188
41,-4.3585,0.7699,181.89751
42,0.6660,-0.9384,2.99127
43,0.2325,-1.6242,3.65116
44,0.7595,1.7172,17.62534
45,-1.8143,0.6696,68.86116
46,-3.6820,0.8653,149.55704
47,-2.1059,-1.2672,48.22807
48,0.8651,-1.9196,0.12262
49,3.2894,-1.9812,20.79377
50,1.7782,-0.9200,0.22686
51,2.3519,1.8488,1.31074
52,-2.5125,0.3046,87.04081
53,0.9204,0.2890,5.99353
54,-2.7692,1.8110,128.80805
55,-0.5287,1.3856,41.51389
56,1.9948,-0.8103,0.63974
57,3.1380,-0.4140,7.23574
58,3.8110,0.3251,10.87003
59,3.8174,0.7701,8.20582
60,2.2525,0.0053,0.24979
61,4.5608,0.5760,20.66350
62,-0.7614,0.4256,35.38432
63,-4.8081,-0.7937,164.41485
64,1.6017,-0.8397,0.00186
65,1.1802,-0.2849,1.83539
66,-3.6453,-0.8069,109.90688
67,0.6996,0.3635,8.78644
68,0.7433,0.6128,9.77374
69,1.5210,-0.2743,0.46732
70,3.9655,-0.5298,19.89771
71,-0.6414,1.5677,46.92791
72,3.0619,0.8156,1.71172
73,-3.9977,1.6779,186.96167
74,2.1424,1.9954,2.92602
75,-3.5055,1.4725,155.83872
76,-3.3751,0.4622,125.71746
77,-3.7618,1.3920,166.81358
78,3.0732,0.2764,3.49681
79,-0.9282,-1.7233,17.08171
80,1.9743,-0.1858,0.01806
81,2.2206,1.4655,1.04943
82,4.7552,1.4232,16.70534
83,-4.8829,-0.5601,174.38868
84,2.2999,-1.3135,3.66069
85,0.2104,-1.7826,3.22784
86,-3.0000,-1.9259,65.19201
87,2.9370,-1.1043,8.87000
88,-1.5465,1.7123,77.53316
89,2.0441,-1.8726,3.84526
90,-3.3531,0.4859,125.26155
91,0.7723,-1.0484,1.97965
92,4.3421,0.4559,17.87950
93,0.3563,0.3596,13.30049
94,2.3012,-0.7522,1.83511
95,-1.0178,-1.1606,23.76517
96,-3.1381,1.7775,145.28998
97,2.3955,-0.0382,0.68754
98,-2.7259,-0.9826,71.72622
99,-4.4197,-0.2623,158.18302
100,-1.8820,0.7854,73.09320
101,-1.2225,-1.2816,26.66047
102,-4.7532,-1.7310,138.66061
103,1.7939,-0.1852,0.05150
104,0.3658,1.5867,23.57201
105,4.9034,-1.1324,48.15237
106,1.6308,-0.9467,0.04338
107,-4.7935,1.0335,213.75886
108,-1.7998,-0.4661,50.88700
109,0.8832,1.3242,12.65831
110,1.2898,1.4906,8.47372
111,-2.2646,1.1922,94.50458
112,-3.1436,1.8112,146.37244
113,1.8749,-1.1380,0.78807
114,4.4737,0.9234,16.19248
115,-2.4606,-1.1468,60.44153
116,0.1820,-1.8973,3.02286
117,-2.9253,-0.3013,91.18990
118,-1.2583,-0.1457,40.58839
119,-2.2237,0.3471,77.34434
120,3.6386,-1.5299,23.10710
121,0.1738,-1.4717,4.75541
122,2.1686,-0.4158,0.56694
123,0.6542,-1.2669,2.02975
124,-3.5515,-0.0478,122.21899
125,-1.4439,1.7617,74.81338
126,2.6533,0.9947,0.09725
127,4.0372,-1.6663,32.95569
128,0.5219,0.3379,10.85080
129,4.6194,-0.8314,36.84657
130,-2.5917,-1.5988,57.52616
131,-4.8357,1.7181,236.83747
132,1.6992,1.1406,3.03554
133,-2.1827,0.3456,75.88219
134,-4.3604,-0.0575,160.36183
135,4.7750,1.5060,16.35298
136,-1.6184,1.8463,82.50273
137,-2.6830,1.7973,124.61799
138,4.4138,1.1968,13.18230
139,1.3045,1.4972,8.34166
140,-2.0698,1.3958,90.92325
141,1.1788,-1.9471,0.09277
142,-1.5277,-1.4074,31.89870
143,4.8183,-0.0865,32.75395
144,-0.0261,0.5579,21.25268
145,-1.3142,-1.4524,26.79003
146,3.2212,-1.2406,13.56422
147,0.1132,-1.1027,7.13365
148,-4.0216,1.4488,182.03073
149,4.7292,1.8433,13.06859
150,4.0656,1.0962,9.21074
151,-1.6685,-1.6756,32.05261
152,-0.9276,-1.0711,22.88774
153,-3.6751,-1.7863,91.46925
154,2.2559,-1.9543,6.08203
155,2.7058,-1.4122,7.97401
156,-4.2048,-1.6416,115.94919
157,1.7205,-1.0185,0.21113
158,-0.7946,0.2295,33.85710
159,3.6055,0.9082,5.30310
160,-2.2967,-1.4741,50.68547
161,-4.4463,-0.7936,146.38358
162,-2.3788,-0.1754,73.65414
163,1.8328,0.7825,1.24741
164,-2.1648,-0.4803,61.61200
165,-3.1885,1.1542,132.96772
166,-4.4315,0.7880,186.35055
167,2.7870,1.1096,0.21555
168,-2.4058,-0.5047,69.00295
169,0.8760,-0.9087,1.79371
170,-1.2915,-1.2118,28.84937
171,-0.4014,-1.8216,8.88834
172,2.9980,-1.6922,13.60202
173,0.1884,-0.7728,8.12556
174,0.7754,1.8377,18.37729
175,1.4557,-1.8586,0.59283
176,-0.6960,0.0401,29.50683
177,0.3618,0.7256,16.01617
178,-2.2240,-1.4846,48.49062
179,-1.0732,1.8256,63.55453
180,-3.1287,1.6159,140.97568
181,0.4381,-0.1724,8.71151
182,3.8204,-0.1656,14.48878
183,2.2417,-0.4039,0.78722
184,4.0404,0.7601,11.02763
185,1.9962,-0.6891,0.46452
186,2.5678,0.5442,0.34967
187,-2.5998,-1.3578,61.49304
188,2.9639,1.8367,0.00831
189,-0.4186,0.3639,27.05207
190,3.5772,-0.1711,11.05934
191,4.5187,0.3030,22.41535
192,3.2077,1.6354,0.60835
193,3.1552,-1.3623,13.48960
194,1.2890,-0.4063,1.03179
195,-4.3729,-0.3039,154.80013
196,-2.4132,1.3962,104.49893
197,-4.6670,1.8359,230.12400
198,-1.4463,-0.5732,39.93546
199,-4.8367,-1.2591,154.11632
200,-0.9874,1.7172,59.16649
201,-4.0039,1.7812,190.13397
202,3.6949,-0.1834,12.76719
203,-1.7330,-1.0690,40.92108
204,1.1446,-1.8677,0.02465
205,-4.8439,-0.2848,179.64206
206,-4.3193,-0.9922,135.63590
207,-2.7884,-0.9872,73.78031
208,-3.6894,-1.9519,88.86909
209,-3.8452,0.4739,147.96862
210,4.7426,1.9614,12.41677
211,-0.9095,-1.3482,19.98748
212,1.3876,-0.0388,1.40656
213,4.8941,-1.7388,56.65541
214,2.8323,-0.8464,6.30560
215,-2.5858,0.6500,96.46473
216,-2.5394,0.6634,94.90993
217,0.1731,-0.3036,11.22374
218,0.5469,-0.8518,4.22076
219,2.0657,-0.3406,0.22285
220,-1.3945,1.3146,65.67022
221,4.2497,-1.8160,39.88313
222,-2.6737,-0.6059,76.41448
223,3.1497,1.9420,0.12771
224,4.6897,1.6198,14.13490
225,-2.0344,1.9680,100.73976
226,-2.5058,-1.5764,55.28255
227,4.5095,-1.0663,37.03174
228,1.8977,-1.7666,2.43966
229,2.3071,1.5269,0.83302
230,-2.2756,-0.4838,65.08439
231,-1.2570,0.9952,56.38853
232,-2.6219,-1.3126,62.90500
233,-0.5071,-0.7821,17.91017
234,3.3919,-1.0490,14.69047
235,0.0239,1.7703,32.74752
236,1.3400,1.4692,7.77966
237,4.4021,1.0031,14.44862
238,1.9958,1.8719,3.53576
239,4.9440,-0.1927,36.97527
240,-4.2913,-0.8288,138.15136
241,-3.4765,-0.3301,112.84497
242,-3.6871,0.4165,139.02024
243,-1.1719,1.5815,62.81169
244,4.6779,0.1875,26.71188
245,-2.2518,0.3689,78.72037
246,3.9676,-0.3731,18.56136
247,0.5208,-0.9134,4.18221
248,-0.4456,-0.3931,20.23174
249,-2.5159,0.0235,81.99658
250,-1.8962,-0.5079,53.06427
251,0.2497,1.0024,20.27675
252,-1.6649,1.6966,81.47745
253,3.6232,-1.8052,25.51876
254,-2.4636,-0.2155,75.89357
255,-3.9537,-0.6061,127.72043
256,2.4010,0.7221,0.00638
257,1.2238,0.8421,5.73327
258,-2.9508,-0.6332,85.90173
259,1.7624,1.5169,3.96842
260,0.4368,-0.8692,5.09512
261,-4.6976,0.8413,202.68198
262,-4.9212,-0.5093,177.76980
263,0.3054,1.6884,25.78305
264,-4.1051,-0.3762,140.04068
265,-4.7569,-0.6296,166.00209
266,1.2223,-0.8837,0.45111
267,-2.9025,-1.5372,68.35675
268,0.7714,0.7811,10.48643
269,1.7196,1.7954,5.55216
270,-4.9730,0.5888,211.25815
271,1.0039,0.3550,5.50894
272,4.6277,-1.9325,51.66619
273,1.9648,1.2547,1.75580
274,0.0981,-0.6641,9.85781
275,2.9084,-1.6110,11.75003
276,-0.5796,0.0798,27.44813
277,1.9396,-1.6365,2.29700
278,-2.7224,-0.3588,82.55569
279,1.2329,1.5478,9.49841
280,1.1883,-1.4662,0.02475
281,4.8058,1.4871,17.01117
282,0.0272,1.6894,31.75296
283,0.4138,1.6932,23.67415
284,3.2990,1.8731,0.52534
285,4.1978,-1.8559,39.08151
286,-3.2523,-0.4435,101.22571
287,4.5214,-0.7999,34.13759
288,-3.3953,1.5452,152.17358
289,-0.5361,1.6315,44.93844
290,-3.3977,0.6445,130.87041
291,-0.5974,-1.6941,12.25470
292,1.9646,-1.0104,0.88298
293,-4.6038,-1.7602,131.04449
294,-4.3892,1.6309,207.62969
295,2.3988,1.5922,0.63134
296,1.7258,0.1158,0.44105
297,-1.9555,1.9918,98.06786
298,-1.3781,-0.1174,44.07386
299,-1.2175,1.9181,69.77602
300,-3.2534,-0.6880,96.40853
301,1.8035,-1.7472,1.83370
302,1.0725,-0.0894,3.11734
303,-2.1600,-1.0463,52.90604
304,0.1451,-0.5283,10.12166
305,-0.4348,-0.6501,17.80428
306,4.7049,-1.4662,47.28097
307,-4.0320,-0.6264,130.81613
308,0.9103,0.6367,7.93080
309,-1.0274,1.9971,64.83433
310,-1.4811,0.8856,61.58744
311,1.3758,1.2522,6.25281
312,4.7623,1.5592,15.72391
313,2.6456,0.7930,0.24825
314,-1.6450,-1.4093,34.58356
315,-4.3736,-1.0324,137.23857
316,-0.6772,0.0880,29.61923
317,2.7308,1.8350,0.13935
318,-3.8268,-1.5720,101.63880
319,0.8969,0.9816,10.16142
320,3.4815,1.7433,1.48762
321,4.8343,-0.4008,36.83662
322,-1.1966,-1.4088,24.84555
323,1.8493,0.6270,0.86185
324,3.6206,-1.6110,23.54404
325,-0.0222,0.3243,19.08632
326,-2.5844,-1.3239,61.54341
327,3.5958,-1.7659,24.57658
328,-0.2938,-1.5367,9.30810
329,-0.4294,1.9198,45.95042
330,-0.7629,1.4285,48.36330
331,-3.8268,-0.9150,115.31961
332,-0.9621,-0.4008,30.50788
333,1.7138,-0.6211,0.00238
334,2.1377,0.5567,0.07919
335,-1.0084,-0.2730,32.99144
336,1.1453,-1.7198,0.00011
337,3.2241,0.6137,3.36521
338,2.2634,0.1477,0.14376
339,-3.8952,-0.3799,130.20180
340,-0.9463,-0.7158,26.79823
341,-4.7005,0.9490,205.92280
342,-3.9022,0.4252,149.56173
343,2.0322,0.5391,0.22543
344,4.5914,-1.5868,45.82819
345,3.6717,-1.8832,27.31716
346,0.3492,-0.3830,8.51844
347,0.2418,-0.5396,8.86088
348,-3.0943,-1.9235,68.31276
349,0.1815,1.3711,25.08118
350,-1.2678,-1.1085,29.45381
351,-4.1947,-1.6588,115.14585
352,-2.7860,-1.5999,63.55481
353,-2.3496,-1.7354,48.49456
354,-4.3440,1.4251,199.17698
355,-3.3788,0.2387,120.91915
356,2.7346,-0.1744,2.70100
357,-3.4663,-1.2016,94.69250
358,-0.6702,0.1129,29.73796
359,-1.5056,1.1259,66.21260
360,2.5102,1.7088,0.47391
361,-4.7105,1.5828,225.11144
362,-1.0743,1.5135,58.70799
363,1.9078,1.9494,4.55267
364,2.5928,-0.5418,2.98415
365,0.0106,-0.4944,12.14030
366,-1.3509,-0.9564,33.00941
367,-0.0403,0.7270,23.11257
368,-2.2266,0.0975,73.11471
369,-3.8262,-1.3606,105.92064
370,-4.5319,1.8829,223.40679
371,-4.9614,-1.2857,159.69662
372,1.1287,-1.6745,0.00464
373,3.8190,0.8785,7.61456
374,4.6639,0.0305,28.06093
375,-1.9960,0.1980,67.07493
376,4.3082,0.0830,20.55107
377,-2.3279,1.5096,103.33647
378,-1.2808,-1.9945,20.85894
379,-2.5231,-0.7271,69.20965
380,3.5878,-0.1660,11.16587
381,-0.5541,-0.6556,19.82621
382,3.8068,1.7801,3.36156
383,4.9189,-0.4930,40.07955
384,4.6615,1.1675,17.26760
385,1.7569,-1.0204,0.28540
386,-2.8354,-1.3358,69.47299
387,4.2276,-0.8237,27.86600
388,-0.4691,-0.0242,24.14687
389,2.7817,1.3769,0.03478
390,-3.6093,-0.2924,119.38105
391,3.4285,1.2721,2.51211
392,-3.9759,-1.3745,111.87839
393,-1.9580,-1.6986,38.65684
394,-0.7534,-1.5695,15.50163
395,0.6822,-1.0138,2.63048
396,0.9643,-1.5299,0.29316
397,4.7588,1.7302,14.34465
398,-1.0820,-1.0313,26.34539
399,-2.4960,-0.0664,79.66651
400,-4.6001,0.5588,189.30910
401,-0.9170,-0.4904,28.55372
402,3.0936,0.8361,1.82563
403,4.5433,-0.5923,32.25026
404,3.9754,1.0799,8.24256
405,-1.4258,0.4867,53.84872
406,-2.1143,1.4976,94.59898
407,-3.8757,-1.1503,112.38525
408,-3.1697,-0.3879,99.03112
409,2.4523,0.1076,0.63526
410,-0.1232,-1.9978,5.05646
411,-0.7460,-1.7458,14.03387
412,-2.9175,1.7296,133.73791
413,-2.8460,1.4334,123.77422
414,3.0289,-1.3634,11.70517
415,1.0571,-1.5374,0.12139
416,2.2789,0.5498,0.00006
417,3.1194,-0.0825,5.38812
418,4.1486,-1.8026,37.20836
419,-2.0711,0.8602,81.04391
420,-0.8189,-1.3082,18.74562
421,-3.9279,1.2694,172.26934
422,-0.2686,1.5291,36.79969
423,2.3329,-0.3611,1.05448
424,-1.2649,0.0626,43.45886
425,3.8906,0.9491,8.02070
426,-4.9485,0.7766,215.31372
427,4.1951,0.8418,12.59061
428,-3.2299,-0.0659,108.03434
429,-3.5968,-0.5640,112.98969
430,4.3712,1.6932,9.29713
431,-2.1716,-0.6415,59.31753
432,1.0021,1.8528,14.81120
433,-3.5220,-0.9723,101.43793
434,3.7356,-0.0324,12.27499
435,3.9896,-1.2579,27.42774
436,0.3267,-0.6949,7.03155
437,-1.8346,-0.2125,55.60173
438,-0.6692,-0.5706,22.73228
439,4.1497,0.9270,11.37334
440,2.2755,-0.8403,1.93568
441,0.7771,1.1167,12.69161
442,2.9559,-0.6219,6.41956
443,2.7087,0.9436,0.22456
444,-3.5849,1.4638,159.60917
445,-0.5868,-0.0544,26.20634
446,-0.5163,0.2714,28.13242
447,1.2117,-0.0073,2.46281
448,3.6679,0.5109,7.97967
449,-0.9857,-0.3332,31.78939
450,3.1084,-0.6072,7.97500
451,-2.8855,-1.7625,64.13506
452,3.7603,1.6742,3.40901
453,-3.7988,-0.6621,119.58497
454,-3.2463,-1.5364,80.21267
455,3.9987,-1.7725,33.29089
456,4.8049,-1.6142,52.18487
457,3.6347,0.2660,9.02034
458,-1.3208,-0.6306,36.13236
459,2.5736,-0.7417,3.56828
460,1.5732,0.0693,0.85179
461,-0.1503,1.6046,34.87299
462,0.5465,1.3074,17.76239
463,2.2557,-1.8458,5.55659
464,2.7311,-1.1325,6.73257
465,4.0315,-1.8283,34.70737
466,-1.6693,-1.6011,32.91880
467,-0.2441,1.2801,33.27337
468,-2.0181,-1.3963,44.08950
469,-1.6973,1.2555,74.82561
470,-3.5962,-1.0906,102.04577
471,-4.3115,0.8228,180.78956
472,-1.0477,-0.7566,28.50166
473,2.1863,-0.6561,1.05805
474,2.2777,1.2608,0.49755
475,-2.8234,1.8953,133.21818
476,-3.3764,-0.8366,98.33112
477,-3.2020,-0.6180,95.76808
478,-0.1994,0.0887,20.13753
479,3.5361,1.5578,2.29319
480,-2.7990,0.4916,101.79799
481,-3.8850,-0.1641,134.69827
482,-1.7767,-0.7340,46.50329
483,-0.1742,0.9193,27.74788
484,-4.3082,1.5167,199.74282
485,2.3481,-1.2940,3.96121
486,4.3916,0.0252,22.63827
487,4.9981,-1.2110,51.94278
488,0.3491,-0.8390,6.06552
489,-1.9583,0.3643,68.57149
490,4.2172,1.2211,10.32546
491,2.2394,0.2367,0.05863
492,4.2230,-0.0306,20.03927
493,3.7383,1.3359,4.58267
494,-2.8616,1.0849,116.81708
495,-4.8783,-0.7087,170.24756
496,-2.7043,0.0275,89.04004
497,2.3685,-1.6093,5.50539
498,0.1492,1.7536,29.75925
499,-2.7135,0.7086,102.73107
500,0.9288,-1.9597,0.03336
501,-0.2417,0.8351,28.28706
502,-4.5602,1.5181,214.28795
503,0.2008,-1.8774,2.96190
504,-2.7559,1.8147,128.28803
505,0.8232,-1.5701,0.61387
506,-2.1246,-0.1732,65.22056
507,-4.7905,-0.3535,174.96572
508,-0.1054,-1.0253,10.14766
509,0.8864,1.0130,10.49877
510,-2.6417,0.4820,95.36138
511,1.3962,1.7942,9.01030
512,2.7828,1.3934,0.02963
513,-0.0958,-1.2586,8.60247
514,4.9582,-1.4826,54.74347
515,-0.2854,-1.7276,8.08393
516,4.4385,1.8597,9.10420
517,2.1939,-0.6000,0.97577
518,-2.4562,-0.9388,63.57774
519,-3.7271,0.1032,133.57246
520,-3.5818,-0.7331,108.79694
521,1.2671,0.9102,5.64559
522,-4.7573,-0.2795,175.16549
523,1.5212,1.4130,5.61923
524,-0.2468,1.8768,40.58108
525,-2.3437,-1.9460,45.44626
526,-0.1625,-0.9755,11.21847
527,3.2372,-1.0689,12.55471
528,-1.8937,1.1649,80.14413
529,2.1514,0.2322,0.00499
530,2.0495,-0.3255,0.18013
531,-4.9469,-1.9546,142.54496
532,0.1122,-1.6668,4.44673
533,-4.4892,1.8621,220.24213
534,3.5900,-1.3919,20.90267
535,-4.9934,1.7667,248.16920
536,-2.2167,-1.2564,51.51054
537,1.9151,-1.5644,1.94476
538,-2.3535,1.9004,112.51665
539,1.3946,0.0827,1.67303
540,-1.0208,1.0980,50.97434
541,-3.5904,1.8694,170.30776
542,3.6112,0.4706,7.57258
543,-4.5709,0.8034,194.47136
544,4.1328,0.0983,17.36704
545,-1.4578,-1.5189,29.12343
546,2.5490,1.5401,0.19542
547,-3.9975,1.0359,169.80444
548,-4.8294,1.8682,241.08804
549,1.1506,0.2098,3.64274
550,-2.0405,1.7172,96.00414
551,-2.3409,1.3126,99.88951
552,4.8511,1.1336,20.87199
553,0.1899,-1.7357,3.55134
554,-0.2759,-0.2470,18.53086
555,-2.9720,-0.3056,92.89933
556,-1.4224,-1.3453,30.24537
557,-0.5863,-0.9488,17.83978
558,0.2206,-1.8594,2.88793
559,4.0623,1.2655,8.17486
560,0.5258,1.4072,18.97132
561,4.6240,-1.5579,46.31908
562,1.3083,1.9920,11.39292
563,4.8789,0.4133,28.56359
564,-3.7198,0.3328,138.58832
565,-4.9794,-1.2044,162.67351
566,4.5612,-0.6782,33.64813
567,1.3839,-0.8766,0.12648
568,4.4782,0.9142,16.33940
569,-1.7035,1.1670,73.51386
570,-3.9183,-0.4307,130.09604
571,-2.7878,0.7349,106.30730
572,-3.9755,-0.4119,133.15262
573,-2.2335,0.0254,72.12047
574,-1.5010,0.8256,61.27271
575,-4.7542,0.5359,197.24537
576,-2.6943,-0.9252,71.62931
577,3.0026,1.8223,0.03343
578,-1.8345,1.3072,80.57247
579,-3.9601,0.5359,155.15467
580,2.5103,-1.3761,5.74434
581,-0.7400,1.5708,49.71351
582,-3.9642,-1.9276,100.01632
583,0.9059,-0.2579,3.72652
584,2.9869,1.6938,0.07838
585,-2.0085,-0.4464,57.31313
586,-0.1373,0.3526,21.41065
587,4.8385,0.7893,23.89015
588,-1.1045,-0.9449,27.71076
589,4.4463,-1.4578,40.32657
590,2.2027,1.7016,1.68030
591,1.6467,-0.3078,0.15913
592,-3.0101,-0.5301,90.06167
593,2.0687,0.5981,0.21225
594,4.2798,1.4674,9.56096
595,3.1615,1.6458,0.45862
596,-2.2366,-0.5219,63.22398
597,-1.2011,0.2418,44.14173
598,1.6822,-0.8531,0.04731
599,-4.8054,-0.4031,174.44176
600,-1.9147,1.7687,92.12505
601,3.8827,1.4412,5.40125
602,1.5300,-0.6228,0.10059
603,0.4885,1.2609,18.35193
604,-4.0139,1.2043,175.08826
605,-4.5882,1.2657,208.57391
606,3.0756,-1.7960,15.58076
607,1.2716,0.0098,2.15091
608,-3.3018,-1.4065,84.58712
609,2.7326,0.2708,1.42662
610,4.8300,1.9290,13.92030
611,4.9267,-1.5255,54.44784
612,4.3826,-1.0217,33.48757
613,-0.4179,1.0296,34.40269
614,-2.9638,0.2652,103.89374
615,-3.1418,-1.5811,75.73541
616,-3.8344,-0.5694,123.19632
617,-4.9535,-0.3006,185.13192
618,1.6420,-0.3932,0.10421
619,-4.1421,-1.7492,110.98335
620,-2.2188,-1.3227,50.62209
621,4.6509,-1.3951,44.84952
622,3.0546,0.3444,3.11458
623,0.6929,0.0483,7.08936
624,4.7176,-0.5446,35.75899
625,2.8792,0.2212,2.36280
626,-1.0437,1.8219,62.55529
627,0.9832,-1.5243,0.25944
628,-0.8246,1.1263,45.90798
629,1.9375,1.6654,3.20561
630,-2.4062,1.0328,96.92850
631,-0.4012,0.2944,25.97874
632,4.5505,1.9171,10.13651
633,3.6159,-0.5636,14.40530
634,3.8770,0.5544,10.23731
635,-0.7000,-1.8570,12.55310
636,2.7013,0.0084,1.94363
637,2.8619,0.9921,0.53535
638,2.9357,-0.7974,7.12219
639,3.0080,0.1954,3.31454
640,-0.2667,0.7005,27.39454
641,-4.7864,-1.5907,143.57057
642,-2.0782,1.9320,101.77608
643,-3.6025,-0.6776,110.82762
644,-4.4895,-0.6749,151.38877
645,-1.7967,1.7872,87.99759
646,3.4515,-0.4689,11.37055
647,-4.7523,1.3241,219.89163
648,1.6054,-1.3905,0.36152
649,4.9607,-1.5991,56.55779
650,3.6711,-0.8229,17.34911
651,-0.6465,1.1818,41.92248
652,1.7751,1.7515,4.84568
653,1.2114,-1.6088,0.00100
654,3.8436,1.0766,6.81515
655,2.1187,-1.7851,4.09040
656,-1.0378,-1.3303,22.51776
657,3.2190,0.8021,2.67638
658,3.8308,1.8663,3.22293
659,2.7475,1.9769,0.23230
660,1.1477,-1.8515,0.02157
661,-4.8575,-0.6316,171.17497
662,3.2347,1.4645,1.00982
663,4.6081,-1.7395,48.38266
664,-4.5543,1.6531,217.90815
665,-1.9495,0.2319,66.11342
666,4.8244,-0.3982,36.56746
667,1.6587,-0.3965,0.08185
668,2.6819,0.1109,1.57010
669,-2.6248,-0.9148,69.46825
670,-2.4194,0.1293,80.42676
671,2.0319,1.7971,3.00447
672,1.9409,1.1248,1.54511
673,-3.3107,-0.5037,102.36842
674,-0.8622,0.7455,41.85982
675,-2.0411,-0.7868,53.22181
676,-1.4411,1.2412,65.99004
677,0.7759,-1.6989,0.56146
678,-4.2175,-0.5149,142.09178
679,2.6659,0.7547,0.33303
680,2.0798,1.0688,0.82663
681,-2.1285,0.1930,71.40201
682,0.4335,0.9585,16.74019
683,4.5687,-0.8880,36.30607
684,2.9328,0.6399,1.50247
685,0.8024,1.0995,12.21336
686,4.4403,-1.8532,45.34519
687,-3.5260,1.0251,145.85748
688,-4.1621,0.0645,153.47909
689,-2.8014,-0.9028,75.68943
690,2.0184,-1.8792,3.67120
691,3.7332,-0.2221,13.60483
692,0.0239,0.1602,16.91122
693,1.4554,-0.6206,0.21953
694,-3.9889,-0.7265,126.59324
695,-3.3186,0.2245,117.97632
696,-1.8197,1.8323,89.71303
697,4.6573,0.4805,23.36932
698,1.1750,1.9415,12.89937
699,3.8728,1.0603,7.21128
700,-1.8641,-0.5378,51.70105
701,-2.9873,-0.0514,98.47103
702,4.9037,1.6486,17.29534
703,-3.8165,-1.8992,94.74633
704,3.9864,0.1487,14.62353
705,-2.9981,0.6946,114.29353
706,1.4422,-1.5117,0.15691
707,-2.4040,-1.7597,49.67863
708,-2.9014,-1.4708,69.42244
709,-3.0676,0.7419,118.31223
710,-4.5050,-1.5926,130.35756
711,-3.6583,-0.7338,111.99336
712,-2.0125,-0.9797,49.63553
713,2.5054,1.9921,0.96306
714,0.3398,1.7768,25.98198
715,-1.0339,-1.5733,20.20078
716,-0.9123,-0.8155,25.09043
717,-0.0659,0.6282,22.65794
718,-0.3895,1.7406,42.50568
719,3.8476,0.8079,8.33700
720,-0.1032,-1.4733,7.46957
721,-1.0299,0.8176,47.29771
722,-2.1511,-1.5840,45.13477
723,4.0790,0.8362,11.03413
724,1.1528,1.1700,8.20517
725,3.3565,-0.0662,7.72331
726,3.8119,1.6657,3.83411
727,-2.2845,0.4302,80.98487
728,0.2658,0.1518,13.10514
729,4.3766,-0.7792,30.60863
730,4.8343,1.6085,16.48486
731,-0.4128,1.2698,37.15336
732,2.6905,0.7116,0.44804
733,-1.8017,-1.2142,40.82093
734,1.7153,1.3719,3.76880
735,-4.8375,0.5712,202.95301
736,-0.5713,1.5924,45.35875
737,-1.7853,-0.1033,55.76028
738,0.1477,-1.4382,5.13664
739,2.1289,1.3219,1.13222
740,-4.4209,-0.8344,144.17693
741,-4.6196,1.8262,226.96275
742,1.6717,1.8568,6.31731
743,0.3149,1.2083,20.96164
744,-1.2559,-0.5847,35.12929
745,-1.2173,0.6314,49.92966
746,-1.4055,1.6015,70.76859
747,4.8327,-1.8783,56.90879
748,-3.0638,-1.5510,73.55694
749,-4.5764,-1.0890,145.53245
750,-0.5321,1.3480,41.11496
751,-2.7818,-0.0242,90.99825
752,4.2962,0.6689,15.39398
753,2.9808,0.2040,3.08917
754,4.8047,0.3546,27.61167
755,-4.5449,-1.2081,141.17520
756,-0.9523,0.4051,39.81151
757,2.7193,-0.3477,3.19077
758,2.1006,1.1595,0.91836
759,-1.8274,1.9171,91.62083
760,1.4966,1.5240,6.40526
761,0.5594,0.9664,14.80448
762,2.7054,1.6330,0.04933
763,-3.4965,0.2331,126.02619
764,-0.7162,1.6926,50.76656
765,-3.9491,1.9303,191.22469
766,3.7545,-1.7047,27.18289
767,-0.0903,0.8702,25.51169
768,2.3815,1.6260,0.74468
769,2.9987,-0.7563,7.58224
770,-0.0157,0.8071,23.41057
771,-3.6156,-1.2240,100.14458
772,-0.1896,-0.8070,12.76014
773,3.6256,0.3451,8.44528
774,-1.5133,1.3953,70.93056
775,3.0488,1.9934,0.01085
776,3.4731,-0.3422,10.81310
777,-3.7250,1.3626,164.16236
778,-4.4024,-0.5989,148.98464
779,4.1974,1.8431,6.51114
780,1.4056,0.7546,3.77642
781,-4.5755,0.0579,174.47323
782,0.4687,-0.6396,5.87112
783,-4.3140,-1.0844,133.25686
784,-1.4202,-0.2594,43.30810
785,0.9093,0.8896,9.43123
786,-1.8237,-0.6842,48.48584
787,-4.8031,-1.8365,138.52505
788,-2.4218,0.9610,96.12912
789,1.2831,1.0792,6.31456
790,2.6892,1.4263,0.00229
791,2.2032,1.9160,2.27907
792,3.9883,0.3469,13.17426
793,0.8816,-1.8629,0.13981
794,4.9853,-1.4737,55.41652
795,2.4035,1.2841,0.22764
796,-1.2695,-1.2126,28.36966
797,-4.0124,0.9944,169.50025
798,-0.4735,0.8549,33.66089
799,4.1541,-1.4137,32.73920
800,4.1917,-0.3535,22.43836
801,-1.9473,1.7722,93.44913
802,4.9065,-1.2044,49.24481
803,1.5684,-1.5740,0.50522
804,1.5091,1.3093,5.24856
805,1.8450,-0.3307,0.00043
806,-1.1693,-0.4275,34.94184
807,0.8971,1.5263,13.92807
808,4.2907,-1.7859,40.54130
809,-3.1838,-1.5511,77.72978
810,-3.0667,-0.6136,90.62542
811,0.0653,0.5178,19.24762
812,2.3214,1.5604,0.84199
813,4.8909,0.6514,26.32042
814,3.4536,1.1122,3.22251
815,-1.9247,1.5028,87.46230
816,-4.5724,-1.9985,124.23792
817,-2.2627,-0.1516,70.11948
818,1.3836,-1.5929,0.12973
819,1.7301,1.2073,3.05222
820,-3.1469,-0.3395,99.08695
821,0.1998,-0.1928,11.61125
822,2.9983,1.8421,0.02387
823,2.9895,-1.6880,13.44756
824,3.0494,-1.7336,14.68672
825,-2.6403,-1.3876,62.29913
826,-3.0248,0.1133,103.28410
827,1.7169,-0.1187,0.20025
828,4.5970,-1.0388,38.84709
829,2.6314,1.4807,0.04749
830,0.6207,-0.1751,6.67482
831,0.9618,-0.2848,3.20965
832,0.5519,-0.3323,6.57337
833,-0.9953,0.7814,45.85987
834,-4.0715,-1.3338,116.83759
835,3.5120,1.0843,3.76228
836,-2.1855,-0.4909,62.09442
837,4.2603,1.2723,10.55094
838,1.1435,-1.1140,0.35884
839,-4.5575,-0.2750,164.86539
840,1.7263,1.3139,3.46473
841,3.5269,-1.8689,24.23274
842,-2.5584,-0.6436,71.79576
843,-3.1127,1.2119,130.81085
844,2.6747,0.0673,1.64348
845,4.8293,-1.4238,50.15891
846,3.9965,-1.5341,30.54973
847,-3.3682,0.7849,132.73903
848,-3.9043,0.2634,145.73286
849,-0.7977,0.9139,42.37001
850,4.0068,1.0795,8.60847
851,3.4969,-1.8682,23.63920
852,-1.8980,0.0617,61.74537
853,-0.8405,-1.0750,21.21481
854,-1.9213,1.7817,92.62603
855,-2.0582,-0.5844,56.73101
856,-4.9629,1.3803,234.27716
857,-3.4516,-1.1834,94.47379
858,-2.4474,1.5385,108.85162
859,-2.9355,1.1901,122.34743
860,3.0805,1.7081,0.20512
861,-3.8444,-1.1309,111.46903
862,2.4290,-1.2160,4.30132
863,-2.1367,-1.3330,48.16881
864,-3.2730,-0.0738,109.66864
865,-3.9032,-0.7132,123.05752
866,-0.7341,-1.9018,12.71860
867,-1.1167,-1.6235,21.25050
868,-0.0642,1.3030,29.49991
869,3.1842,-1.6782,16.37537
870,1.0123,1.3383,10.98121
871,-2.6203,1.0477,105.84819
872,3.9076,1.2245,6.71219
873,-3.9270,-1.9638,97.81644
874,-3.0828,-0.9181,85.51491
875,1.1618,-0.4629,1.47242
876,2.0341,-0.5877,0.43013
877,-3.4557,-0.7492,103.27134
878,3.8432,1.8341,3.43122
879,-2.9249,1.1539,121.07963
880,-2.2665,1.5485,101.63768
881,-3.3445,0.6638,128.88896
882,-4.1579,1.8956,201.96241
883,2.0063,1.3673,1.83493
884,0.6667,-0.0928,6.62454
885,1.2188,0.1150,2.81340
886,-0.3062,1.0378,31.92379
887,-3.2180,-1.3153,83.18660
888,-0.6816,-0.7170,21.58660
889,-4.2588,1.3779,193.08191
890,2.7160,0.1757,1.57847
891,4.7932,-1.7096,53.23294
892,2.6667,-0.9345,5.14339
893,-1.3140,-1.1229,30.30656
894,2.8904,-1.4230,10.26432
895,3.4002,0.6463,4.63982
896,-4.4098,1.2439,197.78096
897,1.2776,1.6199,9.39309
898,2.4872,0.2445,0.53285
899,3.3655,-0.8878,13.09530
900,0.4695,-0.8255,4.99731
901,4.6820,-1.0952,41.72259
902,-4.8426,-0.6966,168.70515
903,0.0251,-1.8865,4.25706
904,0.5925,1.4971,18.59477
905,2.0473,0.4919,0.15779
906,4.5596,1.8331,10.79857
907,3.2427,0.4310,4.22040
908,-0.1224,-1.9467,5.28068
909,1.0626,1.9564,14.67744
910,3.1810,-0.6376,8.99761
911,-3.4795,1.1362,146.29614
912,2.4394,1.8682,0.97897
913,3.7484,0.2227,10.72036
914,-3.9872,-0.0660,141.80803
915,-1.8630,0.0496,60.46202
916,-1.9830,1.4473,88.60947
917,3.4433,-0.7381,13.13830
918,0.9958,-0.2793,2.98977
919,4.0909,-1.2506,29.51110
920,1.9773,1.8815,3.71307
921,-3.2472,-1.1921,86.53381
922,1.9372,1.1166,1.54293
923,-0.0945,0.4387,21.41621
924,-2.8732,-0.0935,93.17672
925,-3.8793,-0.7143,121.97546
926,-2.1522,-0.2215,65.33339
927,4.3013,-1.2749,34.54450
928,-0.9861,0.4624,41.40439
929,4.4656,-1.4674,40.94143
930,4.1788,-1.6758,36.40092
931,-0.1926,-0.1816,17.66968
932,-2.9040,-0.6102,84.59923
933,-0.4583,1.4608,40.67302
934,4.5506,0.0757,25.25646
935,3.7010,0.4327,8.81680
936,-1.5091,-1.2232,33.58237
937,-0.8687,0.0913,33.97260
938,-4.5556,-1.4166,136.76126
939,1.0018,-1.1000,0.80339
940,3.3733,-0.6922,11.82506
941,-3.9517,-1.6659,104.80514
942,4.3712,-1.5279,39.31765
943,-3.5909,1.4507,159.57927
944,-2.4571,0.6638,91.73891
945,3.1673,0.4287,3.63204
946,4.5749,0.8355,18.61266
947,-3.8725,0.2336,143.48710
948,2.1819,1.2078,0.71250
949,-4.7368,0.8755,205.89635
950,3.2568,0.9873,2.32953
951,0.1235,-0.1679,12.85295
952,0.4942,0.8186,14.67046
953,4.2291,0.4681,15.92126
954,3.8783,0.8050,8.71229
955,-4.3166,0.0033,159.68329
956,-2.1351,-0.8593,54.92252
957,-1.4407,-0.7411,37.70427
958,0.7861,0.7344,9.99955
959,-2.3125,-1.4809,51.03763
960,-4.4119,0.3030,172.31385
961,-3.1387,-1.9630,69.12906
962,4.2775,0.1486,19.41724
963,-4.0755,1.3717,182.86398
964,4.8320,-0.2056,34.45282
965,-4.5751,-1.5298,135.03350
966,-1.1835,1.5421,62.55253
967,-3.5196,1.2960,152.15683
968,-4.8502,-0.1704,183.06170
969,1.4440,-1.7585,0.41787
970,1.1476,1.7776,12.12684
971,-3.3974,0.9184,137.20016
972,1.0909,-1.2595,0.31202
973,-4.9380,-1.9629,141.92123
974,0.3209,1.7711,26.30941
975,1.4430,0.8572,3.88574
976,-0.0613,0.3276,19.80469
977,-3.7363,1.5073,168.47863
978,2.6079,1.9928,0.60364
979,-2.0228,-1.0919,48.35272
980,-3.7484,1.8568,178.31879
981,2.8089,-1.3347,8.71670
982,0.5269,-0.3449,6.76699
983,-3.4851,-1.3517,92.51692
984,4.6347,-0.7801,36.59697
985,4.4144,-1.6976,42.59315
986,-0.3920,-1.4815,10.90595
987,-4.9521,0.2151,199.35510
988,-3.8611,0.8881,159.01755
989,1.9812,-1.2947,1.58004
990,4.4174,0.8842,15.60779
991,-2.0203,0.8369,78.81053
992,2.3193,-0.6311,1.61214
993,-1.2441,-0.5636,35.10153
994,1.1662,1.6016,10.68814
995,-3.2681,1.5008,144.88777
996,-4.7235,0.6414,198.47995
997,-0.8556,1.1651,47.28417
998,2.2120,-0.0796,0.25354
999,1.4386,0.0071,1.27647
1000,3.1152,-0.0957,5.41043
1001,0.2316,-0.9979,6.44633
1002,1.0504,-0.7884,1.23379
1003,0.7728,-1.3213,1.28376
1004,-3.4053,-0.3319,109.80393
1005,-0.7318,-0.9276,20.57572
1006,-3.6840,-1.8432,90.72382
1007,-4.7477,-0.9138,158.29577
1008,-0.3815,0.9050,32.12514
1009,-0.2513,1.6162,37.43934
1010,-4.6478,-1.2774,144.43825
1011,-1.6149,0.3100,56.84700
1012,3.5274,-0.5992,13.35110
1013,-2.3201,-1.7524,47.44156
1014,3.2130,-0.4813,8.45300
1015,0.7155,1.9342,20.27897
1016,-4.9841,-1.4182,157.50022
1017,2.7911,1.2205,0.13083
1018,2.6925,0.1480,1.53004
1019,4.7886,-0.4153,35.90887
1020,1.0194,-1.7465,0.04605
1021,-0.9014,0.8900,44.79426
1022,-2.6126,1.7753,121.01174
1023,1.8678,-0.8497,0.34265
1024,2.6900,-1.6673,9.28616
1025,4.7477,-1.8029,53.26587
1026,4.3346,-0.9886,32.00960
1027,2.5782,-1.9997,9.96152
1028,-2.4576,0.9964,98.23983
1029,0.3234,-1.5402,3.28729
1030,-1.0637,-0.4978,31.69242
1031,0.6816,0.6719,10.94725
1032,3.4083,-0.0111,7.99577
1033,-1.0798,-1.4241,22.42469
1034,3.0482,0.8535,1.54499
1035,-0.9132,0.0737,34.81214
1036,1.6518,-1.3408,0.41530
1037,-4.7280,-0.7300,161.95258
1038,0.9559,-0.0536,4.14010
1039,1.9255,1.2788,2.03823
1040,-0.1156,-1.4629,7.66304
1041,3.5063,0.3000,7.35819
1042,2.3994,0.8187,0.00040
1043,4.6821,-0.8188,38.22956
1044,2.0531,-0.5373,0.41400
1045,-1.0459,-1.0776,25.14184
1046,-1.5599,1.7932,79.44127
1047,-2.0743,-1.0160,50.87321
1048,0.8314,-0.9679,1.87521
1049,-0.2661,1.3367,34.44505
1050,-2.6960,-0.2932,82.78742
1051,1.1049,0.1825,3.89163
1052,4.7472,0.7215,22.78137
1053,2.3995,1.8678,1.14254
1054,-0.8556,-0.5785,26.34521
1055,-4.5614,-1.2632,140.64937
1056,-2.6281,-1.2660,63.84370
1057,2.5478,0.1435,0.90658
1058,1.6763,1.2818,3.72171
1059,-2.6923,-0.6963,75.48511
1060,2.0836,-0.4290,0.35542
1061,-4.7073,-0.2602,173.03829
1062,4.0827,-0.3639,20.51524
1063,-1.6775,1.9581,86.73424
1064,1.4442,-0.5360,0.33141
1065,-3.9798,1.1514,171.89851
1066,2.0807,1.6877,2.32918
1067,-2.8272,-1.5403,65.83999
1068,2.2407,-1.1864,2.78178
1069,-3.2390,-0.7208,95.20203
1070,3.1683,0.1581,4.74524
1071,-4.5415,-0.1444,167.40663
1072,1.8398,0.1535,0.22456
1073,0.7245,-1.1009,2.10280
1074,3.4774,0.2456,7.33972
1075,2.1325,1.9275,2.76403
1076,-0.7180,1.5243,48.44568
1077,-4.9272,-1.8664,143.71236
1078,0.9028,-0.7542,2.07417
1079,-2.5172,-0.8883,66.36074
1080,-1.8160,0.9158,73.06372
1081,0.6920,1.1561,14.22968
1082,3.3020,1.3717,1.51830
1083,-0.8536,-0.3149,29.07594
1084,4.2627,0.6471,15.04093
1085,-4.1953,0.1687,157.73863
1086,-1.4399,1.9497,77.96174
1087,-4.8634,0.4487,200.94807
1088,2.2362,-0.8444,1.73405
1089,4.7364,1.4381,16.27867
1090,4.1565,-1.9231,38.88930
1091,0.6987,-0.8214,3.17252
1092,3.4903,0.5314,5.99845
1093,0.3888,-1.5416,2.82513
1094,0.4022,0.5276,13.86192
1095,4.5591,0.3402,22.82969
1096,4.6740,1.8464,12.26112
1097,1.5020,0.0236,1.03964
1098,-0.3398,1.5615,38.95107
1099,-4.7174,-1.5448,141.37446
1100,-3.9793,1.0277,168.64416
1101,-1.6035,0.5519,60.19981
1102,1.0378,-0.4567,2.15401
1103,0.3157,0.5806,15.59618
1104,4.4095,0.3025,20.39850
1105,1.1437,-1.7286,0.00025
1106,4.5222,0.1123,24.32451
1107,3.0127,-1.7988,14.62530
1108,-0.7909,-0.9721,21.24933
1109,-2.3302,1.1658,96.55611
1110,1.2387,-0.2410,1.64262
1111,-4.8941,1.8597,244.85981
1112,4.6202,-1.1298,40.58016
1113,-4.5865,0.1208,176.72698
1114,4.5141,1.6416,11.46928
1115,0.8466,-0.7858,2.31325
1116,-1.7004,1.5917,80.86391
1117,-0.0822,-1.4755,7.22956
1118,-2.5157,-0.8928,66.23795
1119,-3.7645,-0.1478,129.53271
1120,4.1605,0.6751,13.29250
1121,-4.2753,-1.9780,111.77777
1122,-2.2375,-0.5492,62.81860
1123,2.7675,1.8680,0.11091
1124,-1.1243,0.7468,48.93585
1125,4.9490,0.9827,24.16088
1126,1.3619,-1.6877,0.16933
1127,-1.7678,1.6536,84.44258
1128,-2.9899,1.3744,128.91903
1129,1.9632,-0.5347,0.21268
1130,0.2917,0.1712,12.87188
1131,2.1405,0.0662,0.04616
1132,-3.6692,1.0938,154.56206
1133,-0.9373,1.8524,59.70538
1134,-2.1649,-0.9477,54.49451
1135,-1.6649,0.2893,58.05099
1136,3.9487,-1.2949,26.95965
1137,-2.2032,0.3267,76.26779
1138,-0.4567,-0.2107,22.11451
1139,3.2073,1.6955,0.51721
1140,-0.1869,0.7494,26.24787
1141,3.0106,0.0735,3.79357
1142,-2.0568,0.5523,75.09973
1143,0.8511,1.6063,15.24176
1144,-4.4759,1.6405,212.93769
1145,0.3443,-1.9373,1.88805
1146,-1.5530,0.8973,64.05266
1147,-0.1157,1.9206,37.84679
1148,-0.7739,-0.6935,23.56461
1149,3.2167,0.1916,5.02572
1150,1.8233,1.2228,2.48465
1151,1.7143,-0.3104,0.06816
1152,-3.7520,0.3210,139.83213
1153,3.9743,-0.3244,18.25936
1154,4.1073,0.0141,17.64330
1155,1.2084,1.3320,8.49794
1156,0.6460,-1.6361,1.14904
1157,4.8098,-1.0166,44.03903
1158,2.1051,0.0205,0.03597
1159,-0.2123,-1.0242,11.56211
1160,2.2215,-1.5488,3.96752
1161,4.9045,1.3815,19.60339
1162,0.3451,-0.3018,9.04826
1163,-2.1354,0.0064,68.50994
1164,3.7942,-0.9000,20.14505
1165,0.0054,-1.0618,8.56997
1166,-1.6285,-1.2390,36.21704
1167,4.9054,0.2860,30.52335
1168,2.3282,-1.6070,5.12254
1169,-1.3388,1.5706,68.03294
1170,-4.1556,-1.3381,120.41038
1171,1.2542,0.4912,3.93151
1172,3.3823,1.7420,1.04565
1173,-3.5801,-0.9625,103.99443
1174,-0.7254,-1.9964,11.93278
1175,-4.3019,-1.0940,132.47271
1176,-0.1890,-0.9939,11.45181
1177,3.7668,-0.7029,17.94832
1178,4.2462,1.8991,6.72524
1179,-0.5014,-1.0915,15.29815
1180,-2.0833,1.1053,85.97021
1181,-2.2665,-0.4777,64.88846
1182,-0.2142,0.3004,22.36275
1183,4.9610,-1.0712,48.90442
1184,-1.4658,-0.9484,35.79737
1185,-1.3889,-1.5968,26.84224
1186,-1.4019,1.5515,69.81045
1187,-2.0141,-0.5123,56.48939
1188,4.4447,0.9135,15.80832
1189,0.1674,1.1088,22.79104
1190,-3.7682,-0.1420,129.83163
1191,-3.8176,-1.0655,111.71962
1192,-3.5813,-0.5528,112.56912
1193,-1.1836,1.7892,66.52764
1194,-2.3587,-0.1103,74.08390
1195,3.1138,1.2625,0.93145
1196,2.5034,-0.8487,3.44299
1197,-0.0503,-1.2552,8.09638
1198,-3.1160,-0.2566,99.50809
1199,2.3859,0.1063,0.44290
1200,3.8668,1.3236,5.80824
1201,-4.6839,0.2737,186.09236
1202,1.0916,1.8463,13.41812
1203,-4.7676,0.1244,186.58693
1204,-2.9522,-1.7853,65.91856
1205,0.8749,1.0904,11.15992
1206,2.7487,-1.8788,11.39842
1207,-0.9305,-1.8220,16.31441
1208,-2.5216,-1.2285,61.07032
1209,-2.8482,-0.6435,81.95359
1210,-2.2258,1.8491,106.10563
1211,-1.4759,1.5767,72.73613
1212,-3.1896,1.0550,130.73988
1213,-4.3865,-0.1490,159.36876
1214,-4.9449,1.2412,228.94578
1215,4.5049,-1.8596,47.18716
1216,4.3385,1.0954,12.82723
1217,-1.4114,1.6355,71.54241
1218,-2.0374,-0.3628,59.47550
1219,-4.0329,0.6278,161.12572
1220,-4.7040,-0.0604,178.15855
1221,1.8319,1.2850,2.62801
1222,-3.5006,1.0164,144.42112
1223,2.1908,0.2383,0.02052
1224,0.8464,-1.6349,0.45184
1225,1.0047,-0.4739,2.30028
1226,3.6758,-0.7476,16.80362
1227,0.7660,-0.2937,4.72795
1228,3.7626,-0.9843,20.33624
1229,-4.2120,0.9946,180.05817
1230,-0.8710,0.3564,37.19123
1231,-4.7361,1.8084,233.49834
1232,3.7762,0.4955,9.34461
1233,-4.8297,-0.4881,173.48338
1234,4.7880,0.7253,23.52841
1235,-3.3901,-0.1576,112.84026
1236,4.6674,0.1388,26.99761
1237,-4.7539,0.4791,195.63051
1238,-2.2878,-1.6046,48.59558
1239,-0.9709,0.2341,38.14203
1240,-4.8296,0.2362,193.08139
1241,0.1120,1.1756,24.51805
1242,-0.7645,0.2138,32.97981
1243,2.4201,1.5886,0.56010
1244,-1.1997,0.4065,46.31949
1245,1.9461,-1.8269,2.95543
1246,3.0076,-0.4903,6.27748
1247,1.7024,-0.1133,0.23221
1248,2.0234,0.8973,0.72342
1249,-3.0843,0.6487,117.01347
1250,3.5132,-1.0577,16.68069
1251,2.5818,0.5353,0.39485
1252,4.5513,-0.9590,36.74220
1253,-3.4572,-0.7515,103.28512
1254,-2.4204,1.0273,97.38049
1255,2.3311,0.6787,0.00027
1256,-2.8362,1.4472,123.64650
1257,4.5657,0.1264,25.05010
1258,1.4937,0.0028,1.03086
1259,-2.1644,-0.8554,55.85225
1260,-1.8658,-1.2366,42.18489
1261,4.0192,1.4336,6.78540
1262,-0.3836,-0.5310,17.94555
1263,4.3908,-1.1105,34.71653
1264,0.5354,-1.7820,1.31596
1265,-3.0880,0.4161,112.19182
1266,1.6218,0.3240,1.16707
1267,3.6960,1.9736,2.01188
1268,2.6386,-0.1396,2.00752
1269,3.3393,-1.5185,17.61602
1270,1.8327,0.0734,0.16641
1271,-3.2193,1.8917,152.03918
1272,-1.6156,0.4617,59.18141
1273,3.7859,0.0268,12.56794
1274,-3.8486,1.2750,168.27796
1275,-1.4679,1.9323,78.64128
1276,3.8383,1.4138,5.11986
1277,-1.4375,1.0285,62.46461
1278,4.8633,0.1053,31.59896
1279,-0.2927,-1.9413,6.99084
1280,2.0020,1.4339,2.04443
1281,-2.5254,-0.7399,69.07197
1282,0.0068,-1.7117,5.17462
1283,-4.1036,-0.3156,141.41000
1284,-2.3878,-0.3759,70.55614
1285,-0.4561,1.9051,46.47650
1286,4.4426,-1.4411,40.02177
1287,3.8259,-1.6792,28.41842
1288,0.0764,-1.3444,6.26466
1289,-1.3411,0.9734,58.60696
1290,-0.7549,1.2278,45.39654
1291,2.1882,1.7714,1.94615
1292,0.3416,1.2086,20.47989
1293,-1.7709,-0.6170,47.95343
1294,-0.9949,-0.3563,31.73580
1295,-3.9675,0.0764,144.27208
1296,-4.0320,1.5590,185.58570
1297,-4.3816,-0.2012,157.80088
1298,-2.1531,-1.3805,47.96388
1299,2.8384,0.8597,0.66750
1300,-3.5405,0.5311,134.84098
1301,2.9256,1.0933,0.57422
1302,-4.0772,0.7421,166.31865
1303,2.1602,1.4487,1.27281
1304,0.0804,-0.1556,13.56809
1305,4.6512,1.1860,16.94374
1306,0.5873,-0.6775,4.61325
1307,3.4524,-0.1783,9.50498
1308,-4.0731,-0.1804,143.18308
1309,3.7197,-0.2069,13.29506
1310,-4.8565,0.4459,200.47610
1311,4.9583,1.2690,21.60024
1312,1.1724,1.6576,10.97489
1313,3.1358,-0.0054,5.18508
1314,0.9122,0.9252,9.61475
1315,3.4643,-1.7673,22.05070
1316,2.7480,-0.2100,2.91065
1317,1.6080,1.0585,3.39503
1318,0.3950,-1.3659,3.40041
1319,-0.9047,-1.6925,16.94932
1320,1.8930,1.8148,4.11607
1321,2.9525,-0.4409,5.50330
1322,0.8429,-0.7832,2.34388
1323,0.4105,-0.7971,5.67390
1324,2.3832,-0.9626,2.98989
1325,4.6402,0.6478,21.46110
1326,-4.3122,-1.9569,113.79671
1327,4.9705,-1.1180,49.82813
1328,-1.8744,-1.1663,43.32800
1329,4.2810,0.6081,15.63399
1330,0.0439,0.2306,17.16343
1331,-1.8213,0.4567,65.59774
1332,-0.8040,-1.2031,19.40319
1333,1.5661,-0.5046,0.13196
1334,2.8507,-0.3384,4.16057
1335,0.0827,1.1499,24.84463
1336,-0.5212,1.8649,47.71111
1337,2.9303,1.3057,0.30786
1338,4.5392,-0.4446,30.50360
1339,0.8008,0.7744,10.06642
1340,1.7346,1.8117,5.48767
1341,-2.1165,-0.8346,54.73741
1342,4.1800,1.1972,10.00372
1343,-2.9664,0.2802,104.30649
1344,2.4576,-0.5879,2.25940
1345,-0.6562,0.3016,31.51634
1346,-0.3289,1.0122,32.14888
1347,-4.9406,-0.2615,185.49773
1348,-1.6242,0.4367,59.05967
1349,2.7596,-1.6954,10.33358
1350,-3.4194,0.6603,132.23003
1351,2.3840,0.3528,0.17243
1352,4.8280,-0.0022,32.01547
1353,-3.6371,0.7452,144.46399
1354,1.0208,0.3617,5.38321
1355,0.4585,1.7564,23.41892
1356,-3.7084,-1.7072,94.27752
1357,-3.4588,-1.0200,97.96283
1358,0.9295,0.4497,6.71211
1359,-2.6740,-0.0431,86.58050
1360,-0.1794,-0.1876,17.39896
1361,3.0355,-0.1132,4.77044
1362,2.5837,-1.3341,6.25693
1363,0.3197,1.2964,21.68832
1364,-3.2228,-0.1403,106.20038
1365,1.0908,-1.2609,0.31082
1366,2.5677,-1.6840,7.94861
1367,4.4642,-0.1271,25.55731
1368,-1.6388,-1.5328,33.00234
1369,-0.6740,0.6392,35.84756
1370,-4.0551,-0.7749,128.48972
1371,3.3602,0.5847,4.56091
1372,-2.9363,-1.3564,72.52530
1373,4.0449,-0.8519,24.41960
1374,-3.2050,1.9999,154.00444
1375,-1.9081,-1.5010,39.88079
1376,-0.3824,-0.2626,20.27006
1377,4.2680,-1.4632,35.99076
1378,-4.0886,-1.6281,111.28534
1379,4.0429,-0.2025,18.38928
1380,-3.4939,0.3753,129.12208
1381,0.3762,-1.2064,4.16633
1382,1.0304,-0.6391,1.69042
1383,-2.6163,0.0416,86.01055
1384,-2.0835,-1.1114,49.78113
1385,3.7972,-1.3769,24.71480
1386,-2.1941,-0.4554,62.92859
1387,-2.2636,-1.1572,54.31803
1388,2.7115,-0.6839,4.43885
1389,-3.8749,0.1636,141.92723
1390,-3.7451,-0.5699,119.25314
1391,3.8183,-0.5234,17.30469
1392,1.3251,0.0585,1.98337
1393,-3.6228,0.5963,140.22779
1394,3.5603,-1.6272,22.54208
1395,2.5368,0.7608,0.09782
1396,3.6666,-1.5836,24.17535
1397,-1.9430,0.7772,75.05205
1398,-4.7798,0.9363,210.13237
1399,3.5798,-0.1868,11.19809
1400,-0.6567,-0.8861,19.60079
1401,-4.9495,-1.2548,159.87520
1402,4.7986,1.4691,17.04152
1403,-2.3350,1.8550,110.77358
1404,-1.3229,-0.8097,34.05994
1405,-3.4719,1.6064,157.50982
1406,4.8699,-0.6904,41.34753
1407,2.0343,-0.6588,0.52910
1408,-3.9501,-0.4292,131.58280
1409,0.5157,-1.5079,2.13355
1410,3.1827,-0.0105,5.64539
1411,-2.6562,0.3710,93.76783
1412,2.9326,-0.6895,6.52643
1413,2.0148,-0.2886,0.10118
1414,4.6405,1.0838,17.61702
1415,-1.4365,-1.9290,24.44288
1416,1.5752,-1.2085,0.12882
1417,-3.7812,1.7271,176.61140
1418,4.9995,-0.9204,47.87843
1419,-1.9823,-1.3400,43.88512
1420,-0.4232,1.4634,39.81206
1421,2.0151,1.3853,1.83659
1422,-2.7152,0.9218,107.16786
1423,4.1853,-0.8743,27.50864
1424,1.9065,-0.3974,0.04429
1425,-2.0977,1.8785,101.48469
1426,-1.5137,-1.5686,29.79778
1427,-1.1141,-0.2093,36.22751
1428,2.5221,1.7997,0.57069
1429,3.1706,1.7238,0.38115
1430,-0.2494,0.8773,28.90206
1431,-1.9095,-1.7217,37.17776
1432,-1.3453,0.7917,55.98317
1433,-2.2538,1.4456,99.06582
1434,2.9077,-1.2238,9.23726
1435,-1.6916,1.3012,75.42011
1436,-2.5606,-0.6736,71.36284
1437,-1.5693,1.2042,69.60280
1438,-4.6297,-1.7049,133.50746
1439,0.7845,-0.4116,4.07805
1440,1.3289,-0.9342,0.16658
1441,4.0958,1.0438,9.90919
1442,-4.3225,1.1356,189.90762
1443,4.6958,1.7697,13.11820
1444,2.3548,-1.5056,4.90756
1445,0.7608,-0.8631,2.60950
1446,4.7021,0.8699,20.56002
1447,1.1077,0.7804,6.57943
1448,-0.6202,-0.5091,22.38581
1449,4.3580,-0.6723,29.03359
1450,-4.5856,-0.3966,163.19138
1451,2.9034,0.5939,1.47121
1452,4.6217,-1.5752,46.49342
1453,4.1155,-0.5246,22.61506
1454,-0.2600,-0.2861,17.92571
1455,-3.8355,-1.0088,113.68123
1456,2.4227,-1.9080,7.58122
1457,-3.6611,-1.8992,88.79453
1458,3.5739,0.4693,7.17416
1459,-3.3007,1.0751,136.34102
1460,4.6680,1.7382,12.94395
1461,4.2155,-1.9688,40.95629
1462,0.8901,-0.9735,1.55317
1463,0.6465,-0.7279,3.91714
1464,-3.4633,-0.2220,114.58940
1465,-0.0490,1.9591,36.68889
1466,-4.5761,-0.7954,152.69207
1467,3.5189,0.6388,5.75566
1468,3.2668,0.6412,3.58154
1469,2.5954,-0.0283,1.48606
1470,-2.9512,1.2400,124.15445
1471,0.6782,-1.4420,1.44386
1472,3.0489,1.8343,0.06945
1473,-1.5384,-0.8260,39.07215
1474,-4.1822,0.6580,169.58450
1475,4.5896,-1.4560,44.02670
1476,-0.1484,-1.6070,7.23481
1477,-4.6589,0.6580,195.32316
1478,3.6769,-0.6497,16.02770
1479,3.7577,-1.5318,25.47313
1480,-2.6204,1.6064,117.66204
1481,0.0851,0.4328,18.16952
1482,-4.6198,-1.4864,138.13759
1483,-4.4421,1.6200,210.37143
1484,-3.6521,1.3987,161.36093
1485,-1.4897,1.2024,66.94015
1486,-1.3496,-0.9293,33.29134
1487,-4.0634,-0.8772,126.55378
1488,-0.2852,1.2700,34.11075
1489,-0.4749,1.8857,46.72328
1490,0.4163,-1.9002,1.60560
1491,-0.8463,0.7556,41.57993
1492,-2.6571,0.7945,102.18555
1493,0.0370,-1.8970,4.11686
1494,2.7435,0.2415,1.55143
1495,-4.1751,-0.0991,150.08666
1496,-2.1271,1.5187,95.50896
1497,-2.1507,1.7667,101.36880
1498,0.4613,-0.7055,5.62543
1499,3.1355,0.7896,2.19425
1500,-0.8604,0.5185,38.92791
1501,2.7858,1.4062,0.02738
1502,3.1641,-1.3357,13.42450
1503,3.2839,-1.7655,18.77727
1504,-2.9983,0.4917,110.00430
1505,-3.8531,0.4134,146.88325
1506,-1.9203,-0.2821,57.13172
1507,-1.8485,-1.7193,35.73247
1508,0.0076,1.8544,34.09652
1509,1.1178,-0.7999,0.93018
1510,4.5615,-0.4431,30.98089
1511,1.9752,0.5365,0.34351
1512,4.5291,1.6584,11.55868
1513,-3.5200,-1.6573,88.03435
1514,3.0964,1.6198,0.32841
1515,-0.0703,0.7630,24.04503
1516,-4.3021,-1.1208,131.86967
1517,-3.5062,0.4046,130.35059
1518,-3.0246,-1.7606,68.70068
1519,-1.9779,0.7088,75.07710
1520,0.7786,-0.6771,3.11743
1521,3.3348,-0.8949,12.70567
1522,-2.3945,0.2398,81.51990
1523,-0.2178,-0.2161,17.80484
1524,-3.4421,0.0186,118.87263
1525,-2.4098,-0.4313,70.36427
1526,2.3357,1.7475,1.15787
1527,2.7386,-0.3775,3.44000
1528,0.9303,0.9860,9.76768
1529,-0.8578,-0.5590,26.59023
1530,-3.6476,0.9450,149.82194
1531,3.3851,-0.7337,12.27685
1532,2.8351,0.4409,1.51119
1533,2.8408,-0.3547,4.14656
1534,2.4758,-0.3660,1.73578
1535,-4.1124,0.2023,154.43421
1536,-0.4567,-0.9885,15.40519
1537,3.9211,-0.4686,18.58346
1538,-4.6087,-0.4715,162.46104
1539,-0.7549,1.4466,48.39087
1540,2.9918,-1.2001,10.13657
1541,3.3903,-1.0083,14.35558
1542,-1.5807,-1.6927,29.90549
1543,-4.4464,0.7234,185.40401
1544,4.2334,-0.0279,20.20282
1545,3.4409,1.1750,2.91340
1546,1.6468,1.9129,6.86095
1547,3.0219,-0.9006,8.66938
1548,2.8901,0.7706,1.01937
1549,-1.0048,-1.6928,18.63460
1550,-2.8564,1.1890,118.84839
1551,-2.5151,1.9914,121.47845
1552,1.9399,-0.0911,0.00085
1553,0.7044,0.4435,9.20975
1554,4.6894,-1.3530,45.31890
1555,-2.2760,0.8384,88.18052
1556,-2.6014,1.4852,114.23396
1557,-1.5347,-1.2766,33.55507
1558,-4.5238,0.3824,180.36396
1559,3.2528,-0.9048,11.63131
1560,4.1754,1.0309,11.02142
1561,-4.3870,0.2905,170.68164
1562,0.6744,-1.1905,2.13356
1563,-1.6546,-0.1669,51.01142
1564,-4.5192,-1.4009,135.43255
1565,-3.3600,-0.4831,104.79321
1566,2.4736,1.3252,0.14293
1567,-3.3715,1.0076,138.07762
1568,1.7071,1.5627,4.61627
1569,4.6879,-1.5022,47.30665
1570,-4.1933,1.1989,184.56427
1571,-3.3783,-1.2217,90.91395
1572,3.8204,1.7559,3.55269
1573,-1.8153,1.3687,80.98646
1574,3.5886,0.4216,7.59320
1575,0.6609,0.3034,8.88985
1576,-1.9871,0.4755,71.39717
1577,-2.5642,-1.2895,61.44873
1578,-0.8705,0.8231,43.08757
1579,1.2143,1.8595,11.77159
1580,1.4646,-1.4347,0.13240
1581,-3.3878,-1.6277,83.68415
1582,-3.0883,0.3918,111.68956
1583,3.3829,1.5755,1.41672
1584,-0.9996,0.2343,38.85595
1585,3.0920,-0.7517,8.61839
1586,0.9567,-1.3037,0.61301
1587,-0.2346,-1.3077,9.99497
1588,-0.3757,-0.4127,18.82476
1589,-0.6674,-1.0252,18.57224
1590,-3.6396,-0.8973,107.78166
1591,-2.6042,0.9372,102.93288
1592,2.1698,0.3379,0.00000
1593,-4.0867,0.2650,154.71308
1594,-4.2076,-1.9273,109.99713
1595,-1.4740,-1.0378,34.93114
1596,0.9465,1.7146,14.60475
1597,2.1985,1.0694,0.45213
1598,4.5089,0.5364,20.08382
1599,0.7773,0.4075,8.13877
1600,3.6581,-0.4476,14.16551
1601,2.9534,0.6090,1.68402
1602,-1.9543,-1.9452,35.56122
1603,-2.9008,0.8000,112.39297
1604,0.7969,-0.9016,2.26374
1605,-0.6570,0.6446,35.50427
1606,-3.7291,-0.2709,125.15782
1607,-0.8338,0.1704,34.08131
1608,0.2191,-0.5291,9.19686
1609,2.6273,-1.7311,8.91474
1610,-4.6446,-0.3190,168.22785
1611,3.9669,-0.8897,23.26719
1612,-3.2769,1.7128,150.47063
1613,-3.3178,-0.5006,102.71614
1614,2.2902,-0.9563,2.36118
1615,-2.7015,-0.4093,80.88625
1616,2.8736,1.6439,0.01068
1617,-4.6871,-1.3396,144.83116
1618,4.5860,0.3712,23.04826
1619,0.5141,1.2542,17.85882
1620,-4.6022,-1.9447,126.78037
1621,4.6749,1.3143,16.28605
1622,2.4738,-1.3772,5.40485
1623,-0.2340,1.7492,38.65228
1624,4.3360,-1.9630,44.02327
1625,2.5249,-1.9750,9.14988
1626,4.8430,-0.3321,36.21832
1627,4.7352,-0.5290,35.99266
1628,-2.0681,-0.7348,54.78105
1629,2.3068,-1.2013,3.29383
1630,3.6406,0.3623,8.51976
1631,4.6991,1.9483,11.90168
1632,-3.1482,1.8231,146.88199
1633,-4.5346,-1.8885,125.00772
1634,4.4386,1.8496,9.16700
1635,-3.5275,-0.2303,117.17434
1636,-0.0591,1.4411,30.90553
1637,1.2792,1.0983,6.45120
1638,-0.1490,0.5937,23.92890
1639,2.3541,0.9515,0.05921
1640,-4.9826,-1.6004,152.89015
1641,-1.3634,-1.7552,24.71662
1642,-1.1701,-0.4417,34.79199
1643,4.2023,0.2683,17.10967
1644,2.0635,1.5488,2.02143
1645,-0.5787,-1.9922,10.01888
1646,-2.1466,1.2566,91.20086
1647,4.0184,-0.5940,21.44417
1648,-2.0601,1.6980,96.39697
1649,-1.4893,0.6090,57.57025
1650,-2.1969,-1.6083,46.04288
1651,0.0124,1.6929,32.12850
1652,1.1864,-1.1647,0.21390
1653,1.8243,1.0734,2.03021
1654,-1.7924,0.2368,61.17784
1655,1.8195,-1.3586,0.99531
1656,4.6410,-0.1950,29.99765
1657,4.7966,-1.2417,46.71712
1658,-0.1623,-1.3366,8.92781
1659,-4.8982,-1.0485,162.50855
1660,-0.9681,-0.2755,32.04439
1661,3.8651,0.5427,10.15948
1662,-0.6556,1.9520,52.75346
1663,1.1422,-0.7093,1.01237
1664,1.9131,-0.0172,0.02452
1665,3.8117,1.5860,4.15063
1666,-1.3265,0.2494,47.64241
1667,-2.3423,0.5065,84.47592
1668,4.9235,1.3304,20.39954
1669,-1.3359,-1.6185,25.53608
1670,4.6668,-0.4417,33.35410
1671,-2.0662,-0.7347,54.72632
1672,-0.1008,1.8270,36.34327
1673,4.8662,-0.8155,42.87551
1674,-1.4853,0.0472,49.25025
1675,-4.9181,-1.3007,157.14128
1676,4.3606,-1.8823,43.60541
1677,-3.9902,-0.3174,136.02703
1678,2.3145,-0.9245,2.41334
1679,-1.9403,-0.7781,50.44664
1680,3.7260,-1.0956,20.68110
1681,0.6240,1.9997,22.57854
1682,2.2847,-0.6546,1.49795
1683,2.6546,1.8157,0.25653
1684,-1.2646,0.8320,54.18857
1685,-4.2420,1.5812,197.82710
1686,-4.0374,-0.5083,133.78545
1687,0.4251,-0.9457,4.85847
1688,1.4927,0.2177,1.51863
1689,2.1719,-0.5834,0.85960
1690,0.4601,1.2487,18.73560
1691,3.1070,0.8570,1.84136
1692,0.4194,0.6930,14.85583
1693,-4.1312,-0.1147,147.56572
1694,3.6014,0.4295,7.69181
1695,4.4168,-0.9513,33.46562
1696,-4.0370,0.5065,158.26691
1697,-4.0907,1.1285,177.15671
1698,-2.4326,0.1550,81.36327
1699,3.1138,1.1521,1.15648
1700,-0.0402,1.9034,35.80688
1701,-0.0237,-0.8848,10.00142
1702,-1.9757,0.9746,79.67251
1703,-0.6289,-0.3248,24.33462
1704,-4.7951,-0.7789,164.13148
1705,3.6038,1.2140,3.97461
1706,2.4651,-1.9075,8.05256
1707,-4.7301,-0.7541,161.44381
1708,-0.2555,1.6390,37.82127
1709,-1.1537,-0.8459,29.82802
1710,0.7115,1.6588,17.94131
1711,2.3864,1.4267,0.42757
1712,-3.1780,-1.4973,78.47665
1713,0.4407,0.7895,15.27294
1714,4.5499,-0.5139,31.51277
1715,-1.5344,0.0634,50.86942
1716,1.8494,0.2641,0.31961
1717,2.2303,-0.4787,0.88239
1718,3.6220,-1.2681,20.35860
1719,-1.8410,1.0947,77.02902
1720,-1.6433,0.6726,63.34844
1721,-2.1220,-1.2516,48.89457
1722,-1.9927,1.5480,90.88423
1723,-0.3912,-1.0983,13.57184
1724,-1.7856,-1.9889,31.16221
1725,2.5581,-1.0973,4.89939
1726,0.9792,-1.8996,0.02017
1727,3.3450,-1.2502,15.52509
1728,-4.9523,-0.7952,171.85594
1729,4.2049,-0.9495,28.72194
1730,0.0348,-0.3711,12.66892
1731,-2.0575,1.7094,96.51941
1732,2.8899,1.0477,0.53618
1733,0.2611,1.2994,22.82264
1734,-0.4157,-0.1392,22.01660
1735,-0.0623,-1.0524,9.43816
1736,4.2365,-0.9650,29.57222
1737,-3.0184,-1.0250,81.21285
1738,3.1735,1.0742,1.62017
1739,-0.7289,-1.9449,12.34111
1740,4.7574,-1.4699,48.78431
1741,3.5142,1.1269,3.61593
1742,4.3808,1.0936,13.45365
1743,-1.6863,-1.0723,39.69283
1744,-1.2231,-1.1877,27.65216
1745,2.1957,1.3061,0.83646
1746,1.4644,-1.2556,0.03401
1747,-4.6262,0.3216,184.25106
1748,-0.3733,-1.2012,12.56953
1749,-1.3192,0.1659,46.29696
1750,1.3292,-0.0934,1.55809
1751,4.7139,-1.8151,52.46034
1752,1.5821,1.6382,6.12104
1753,-2.6344,-1.1452,65.99198
1754,2.6223,-0.0545,1.68782
1755,4.9218,0.3565,30.10778
1756,4.2344,-1.9512,41.21636
1757,-3.4546,0.7377,135.64990
1758,-0.8353,1.3439,49.20364
1759,-0.7110,0.8520,39.36339
1760,0.6616,-1.5204,1.33729
1761,2.1795,0.8255,0.21759
1762,-3.8428,0.2476,142.40324
1763,-1.6435,-0.1646,50.72856
1764,-0.7724,-1.5809,15.71269
1765,-3.4198,-1.6528,84.39683
1766,-3.0755,1.4098,133.65296
1767,-4.7548,-0.2735,175.19212
1768,3.0094,-1.5990,13.08772
1769,-2.7229,0.9098,107.23611
1770,1.4755,0.2521,1.69272
1771,-3.2836,1.1781,137.95225
1772,-3.5859,-1.4608,94.30176
1773,2.9504,-0.5231,5.87484
1774,-1.8738,-0.8853,47.09179
1775,-1.7503,-0.6376,47.09951
1776,1.9637,-1.0390,0.93375
1777,-1.7467,1.1048,73.93105
1778,4.1315,0.4513,14.52881
1779,-3.9488,0.1663,145.53947
1780,1.2778,-0.7438,0.49089
1781,3.2800,1.1283,2.04974
1782,0.7531,-1.4199,1.15332
1783,1.9738,1.5814,2.66919
1784,-2.4990,1.8347,117.34785
1785,2.7130,-0.7987,4.94956
1786,1.1682,-0.7686,0.80097
1787,-4.0053,1.2966,177.08256
1788,1.6581,0.4560,1.29929
1789,-3.5783,-0.4905,113.76464
1790,3.7664,-1.3468,23.80956
1791,-4.5210,-1.2354,139.39458
1792,-2.4982,1.1346,102.63655
1793,1.4814,-1.9306,0.79827
1794,-4.8271,0.2676,193.81631
1795,1.3329,-1.4983,0.02695
1796,1.1046,-1.0386,0.56575
1797,-1.6328,-0.3647,47.62241
1798,-3.8381,1.8524,183.01973
1799,4.7376,-0.2200,32.43624
1800,-2.4253,1.8344,114.17026
1801,3.1806,0.8969,2.14398
1802,-0.3819,-0.3577,19.41353
1803,2.7935,0.0785,2.27566
1804,1.6058,0.2648,1.10908
1805,2.1219,-1.6236,3.48676
1806,-1.2238,-1.3316,26.17279
1807,-2.5796,-1.1967,63.40012
1808,0.0332,-1.9240,4.03819
1809,4.6397,0.0759,27.07638
1810,-4.4743,0.7282,187.05445
1811,-2.3111,-1.5729,49.69276
1812,3.3030,-1.2084,14.54998
1813,-3.9525,-1.7724,102.66838
1814,2.2856,0.6211,0.00249
1815,-4.9180,-1.1141,161.84774
1816,2.0468,-1.3914,2.20545
1817,0.7675,-1.1474,1.73610
1818,-0.5077,1.4697,42.05531
1819,-1.9740,0.7439,75.55019
1820,-0.6172,-1.6154,13.09713
1821,-1.3937,1.3651,66.46196
1822,4.7305,1.3803,16.65128
1823,-3.3777,-0.6180,102.76829
1824,3.3119,0.2156,5.79933
1825,2.7619,1.1111,0.17022
1826,-4.2891,-0.6304,142.75156
1827,-0.2098,1.7809,38.44581
1828,3.9823,-0.3079,18.25381
1829,-4.0433,-0.3818,137.00353
1830,0.3590,1.6176,24.00532
1831,-2.0512,-0.7645,53.84435
1832,1.2718,0.0208,2.18183
1833,-3.0413,-1.4211,75.02210
1834,-0.1050,1.1176,28.38353
1835,2.7883,1.9032,0.10666
1836,-1.1728,-0.4320,34.97059
1837,-4.9818,1.3197,233.57863
1838,1.4663,1.0797,4.61012
1839,-0.2938,1.6808,39.29171
1840,-4.7089,-1.5389,141.10705
1841,-1.2398,-1.6596,23.23314
1842,-4.1211,0.2675,156.49342
1843,-2.8388,0.5061,103.70775
1844,4.2940,1.2955,10.84034
1845,-2.5157,-1.6413,54.61275
1846,4.5019,1.9780,9.15586
1847,-1.2551,-0.1573,40.35821
1848,-3.5467,0.8407,142.42155
1849,-0.7817,1.2121,45.90589
1850,0.7730,-1.8289,0.39088
1851,-1.6505,1.2344,72.85124
1852,1.8811,0.5301,0.58959
1853,1.7250,0.4201,0.94101
1854,1.4112,0.4817,2.75294
1855,0.3343,1.0310,19.03079
1856,-1.3051,-0.0990,42.39445
1857,-0.9855,-1.1632,23.11543
1858,-1.7811,-1.7799,33.43477
1859,-1.7447,-0.4377,49.72760
1860,-4.0662,-1.1182,121.31125
1861,-2.5046,-1.0901,62.71129
1862,-1.4978,-1.4205,31.08141
1863,2.3150,-0.6294,1.58611
1864,-3.7763,0.3744,142.25558
1865,-3.2035,-1.7678,74.63684
1866,-3.3671,-0.3200,108.45424
1867,1.9351,0.5660,0.48417
1868,-4.9479,1.1732,227.07606
1869,-1.6431,0.7189,64.08174
1870,-4.6733,-0.4248,166.97006
1871,-4.8039,1.2654,221.21125
1872,-3.1303,0.6982,120.09635
1873,-2.2293,-1.4586,49.00114
1874,4.3030,0.3801,17.85746
1875,3.9063,-0.7736,21.03344
1876,3.2984,1.7667,0.68886
1877,-1.0482,1.6165,59.48802
1878,-1.6491,-0.7016,43.51625
1879,4.9573,1.8096,16.85112
1880,-2.7138,1.3488,116.13168
1881,-1.5754,1.9170,82.22529
1882,3.4982,1.6197,1.89524
1883,0.7367,-0.8234,2.90067
1884,-3.0247,0.1115,103.24567
1885,1.7152,0.9672,2.36188
1886,-3.2962,0.1436,115.25929
1887,-0.6389,-1.1671,16.89786
1888,0.5296,-0.8963,4.17961
1889,0.3505,-1.1996,4.40725
1890,3.9994,-0.6476,21.58940
1891,1.1033,-1.5123,0.07898
1892,1.3002,-0.9118,0.23797
1893,4.5653,-0.4234,30.84708
1894,1.0741,-1.1367,0.51140
1895,3.6148,1.2173,4.04892
1896,-2.5436,1.6442,115.16483
1897,-4.5984,1.0103,201.84431
1898,-0.4213,1.3418,38.24757
1899,-0.3451,-1.7377,8.71790
1900,-2.7345,1.9775,131.02439
1901,-1.6582,-1.3588,35.49382
1902,3.0583,-1.8197,15.49475
1903,-4.3359,-0.8099,140.70467
1904,-4.5260,1.9829,226.04615
1905,1.9113,0.0783,0.06542
1906,3.0517,0.6499,2.11232
1907,-3.2674,-1.1215,88.60901
1908,3.6769,-0.6522,16.04836
1909,-0.5236,-0.4355,21.26811
1910,-4.4797,0.8183,189.82498
1911,0.4007,0.7046,15.23402
1912,-2.2177,-0.3723,65.01242
1913,-3.0735,-0.3213,96.54507
1914,1.5349,1.7788,7.33829
1915,1.6346,0.1006,0.69138
1916,-0.8363,-1.5778,16.76783
1917,-0.2293,-1.3796,9.47991
1918,0.8219,0.9210,10.74033
1919,4.4650,-0.8126,32.97632
1920,-1.0309,-1.2682,22.97953
1921,3.7794,1.2963,5.11891
1922,2.7496,-1.7708,10.69315
1923,0.5672,-1.0599,3.26043
1924,-3.8031,1.1265,162.12288
1925,-2.8842,0.0032,95.48454
1926,0.2610,-1.1469,5.43450
1927,-0.0774,-1.7887,5.59822
1928,-4.9993,1.5213,240.86539
1929,-0.8441,1.6297,53.55174
1930,-0.0369,-0.2756,14.42698
1931,-2.0409,-1.6732,41.06904
1932,-1.9031,0.4339,67.89740
1933,2.6279,0.1633,1.19339
1934,2.5826,-1.3690,6.42172
1935,0.8324,1.5304,14.94297
1936,-2.8204,-1.0893,73.12767
1937,2.4843,1.2482,0.07816
1938,-2.5195,-0.6737,69.97912
1939,1.3177,-0.4063,0.91841
1940,1.2401,-0.0143,2.26653
1941,2.7365,1.3836,0.00801
1942,3.6383,0.4461,8.01141
1943,1.1258,-0.2014,2.39292
1944,-4.7239,-0.8033,159.88186
1945,-4.3630,-0.2489,155.68019
1946,3.4949,0.3872,6.77299
1947,1.7553,-1.2480,0.57550
1948,-2.3805,-1.3475,54.95947
1949,3.4269,-0.8787,13.93173
1950,0.6233,-1.4355,1.73709
1951,-3.7601,-0.6097,119.04022
1952,-1.6965,-0.6846,45.00196
1953,1.0093,-0.7360,1.55078
1954,2.6874,-1.6373,9.07235
1955,-1.7521,0.6768,66.92967
1956,1.0293,-1.5219,0.17591
1957,-0.6053,-0.7631,19.77951
1958,1.3187,-1.4805,0.01391
1959,1.7057,-0.1447,0.19715
1960,-2.2511,0.9898,90.09761
1961,-3.1209,-1.3910,78.33586
1962,-4.8464,1.4452,229.16155
1963,-0.0763,0.0669,17.80462
1964,-3.8524,-1.5689,102.73550
1965,-1.6622,0.0649,54.60108
1966,2.0087,-0.0029,0.00041
1967,3.3156,-0.4904,9.74438
1968,-4.7191,-0.2954,172.73449
1969,-4.1500,-0.7118,134.28557
1970,4.8515,1.4294,18.26431
1971,-2.6354,-0.4962,76.99598
1972,-0.6883,1.0555,41.37282
1973,-4.6654,-1.8455,131.91323
1974,-3.8288,0.5133,148.13184
1975,-0.8545,1.3957,50.47776
1976,-2.1594,-0.0430,68.48970
1977,2.0679,0.1808,0.00203
1978,-1.8320,-1.3898,39.36523
1979,0.4060,-1.4314,3.08549
1980,4.3930,0.1596,21.40475
1981,-3.2508,0.8826,129.60147
1982,-3.9645,1.0866,169.40676
1983,-0.4271,-1.4694,11.45732
1984,-4.6279,1.9735,231.93131
1985,-2.2563,1.8090,106.53602
1986,0.0184,0.0121,15.80329
1987,-4.0893,1.8028,195.48035
1988,2.3290,0.0749,0.33990
1989,-3.7974,-1.2973,106.03981
1990,-0.6783,-0.5510,23.09478
1991,0.5814,-1.6946,1.30557
1992,-4.5965,0.0444,175.23119
1993,-4.7150,-1.7618,136.14643
1994,-1.2366,-1.7529,22.28111
1995,-1.1453,-1.0330,27.64246
1996,-3.1223,-0.3813,97.28495
1997,-3.8010,-0.6014,121.01055
1998,-0.6513,1.3200,43.85803
1999,4.3281,-0.7666,29.40643
